israel,652367
hamas,216306
gaza,200199
palestine,186599
israelunderattack,84749
israelpalestinewar,63305
gazaunderattack,43075
palestinian,40464
breaking,40144
istandwithisrael,38907
freepalestine,37524
israel_under_attack,35876
iraniansstandwithisrael,31865
hamasattack,26289
freepalastine,22607
palestina,18339
hamasterrorists,17469
telaviv,17259
irondome,17114
israeli,15358
standwithisrael,14074
hezbollah,10692
iran,10301
ahora,9766
israele,9540
urgente,9410
palestineunderattack,8720
mossad,8555
war,8373
israelatwar,8306
lebanon,8127
indiastandswithisrael,8059
savas,7783
istandwithpalestine,7778
indiawithisrael,6679
iranianstandwithisrael,6149
isreal,6078
manipur,5941
alaqsaflood,5939
palestinians,5919
idf,5740
irgcterrorists,5246
watch,4725
indiastandwithisrael,3990
ukraine,3896
israelicrimes,3851
iraniansstandswithisrael,3792
westandwithisrael,3586
ultimahora,3394
israelcuak,3352
israelunderfire,3215
breakingnews,3160
arab,3144
jerusalem,3130
ghaza,3057
israil,2959
netanyahu,2869
palastinians,2824
guerraenisrael,2821
supportgaza,2810
jewish,2718
israelis,2689
almayadeen,2670
indvsaus,2653
prayforisrael,2645
india,2620
operationironswords,2555
kingrezapahlavi,2548
hammas,2491
filistin,2361
yoestoyconisrael,2167
russia,2102
israeliterrorism,2049
7oct,2042
always,2025
palestinalibre,1993
apartheidisrael,1977
aqsatorrent,1960
8oct,1839
usa,1822
mundo,1800
hamasterrorism,1748
israelhamaswar,1741
eu,1731
bringbackourfamily,1695
terror,1636
palastine,1614
palestinianterrorists,1588
israelioccupation,1543
palestineisraelwar,1448
biden,1436
guerra,1406
eeuu,1315
cuba,1302
update,1291
bharatstandswithisrael,1289
israeliapartheid,1257
alaqsastorm,1249
israelkoyak,1233
terrorists,1229
amyisraelchai,1215
soutienisrael,1204
indianswithisrael,1178
terrorist,1165
shanilouk,1157
israelattack,1147
turkish,1142
nushrrattbharuccha,1138
kashmir,1089
egypt,1053
israelenguerra,1032
america,1021
internacional,1014
pakistan,949
gaza_strip,948
indians,940
terkini,929
luarnegara,907
freepalaestine,898
leo,896
gazze,883
tel_aviv,865
lfi,864
westandwithpalestine,862
isarel,861
israelwar,857
islam,854
us,851
indvaus,844
taufanalaqsa,838
gazastrip,824
fuerzaisrael,823
franjadegaza,816
gazaunderaattack,811
manipurburning,806
berlin,804
london,804
video,789
aksatufani,781
unidosxisrael,772
saudiarabia,766
ajopinion,763
bitcoin,760
hamasisisis,758
isrealunderattack,749
israelterrorist,742
israelterrorism,740
kukimilitants,736
alaqsa,723
taliban,719
sondakika,718
attack,717
palestinianlivesmatter,716
tsahal,691
apartheid,684
istandwithisreal,668
hamassoldiers,658
ampel,648
china,644
sderot,643
westandwithgaza,641
armitagaravand,640
news,640
turkey,635
congress,631
urgent,629
azerbaijan,628
infonoticia,620
rocketattack,613
israelpalestineconflict,611
9oct,608
nacional,607
isupportisrael,605
kuki_zonarcoterrorist,600
peace,586
militarypov,586
benjaminnetanyahu,585
terrorism,584
latelateshow,577
israelterrorists,571
asiangames,567
trump,555
tinubumustgo,548
mahsaamini,546
leohindi,544
canada,540
bharat,526
indianarmy,521
leothirdsingle,520
aljazeera,515
operationalaqsaflood,514
israelpalestine,503
florida,502
un,500
jews,499
uae,492
worldcup2023,491
venezuela,489
terroristisrael,485
kaag,484
palestinos,479
israels,479
i_stand_with_israel,478
suriye,475
nafo,473
standwithpalestine,467
narendramodi,457
putin,453
supportisrael,451
immigration,450
leofromoctober19,450
israelterorrist,449
bigbrotheruk,449
middleeast,446
israelterroriststate,445
internacionales,444
westbank,444
new,438
chicago,436
facts,435
newyork,431
freepalestinenow,428
palestinianresistance,427
foxnews,426
mufc,424
sismo,424
chicagomarathon,423
muslim,422
irgcterorrists,422
immigrants,421
chiraq,418
chicagodowntown,418
arsmci,417
vivamexico,416
loki,415
lupinnetflix,408
humanity,405
breaking_news,405
israelpalestinefact,402
latinus,402
saynotowar,402
france,400
zionist,399
germany,398
kremlin,395
colombia,392
savepalestine,389
jihad,385
demvoice1,382
lions,380
panthers,380
iraq,379
leofromoct19,377
endisraelioccupation,374
feeltheimpact,368
bigtime,367
foto,366
abhiya,366
dismantleapartheidisrael,365
syria,364
warcrimes,359
viratkohli,359
bidendidthis,357
unrwa,350
debate2023,348
pmmodi,348
pray4israel,344
mepasoalafm,344
pflp,344
maga,340
bindasbolonisrail,340
munbre,337
alerta,336
stateofwar,334
prayingforisrael,332
israelapartheid,330
palestineresists,329
israelisaterroriststate,324
fdi,323
israelbajoataque,321
bindasbol,316
filistindireniyor,315
digitalvideos,314
antisemitism,313
onu,312
fuckisrael,310
prayersforisrael,308
pray,308
manipurfightsback,305
hatikva,304
bidenadministration,303
hamasattacks,301
bds,300
massacre,300
humanrights,298
terrorismo,298
qatar,297
patopresidente,296
varta24,296
tempodunia,295
libano,294
terroristen,294
indiaiswithisrael,293
uk,293
oic,292
rotterdam,292
islamic,288
hamasterrorist,287
sonnenallee,287
gegarvaganza2023,287
palastinian,287
laestirpedeloslibres,286
isis,286
semanatv,285
joebiden,283
mondaymotivation,280
paris,279
falasteen,279
melenchon,277
afghanistan,277
israeliterrorists,277
tiktok,277
alquds_solution_onlyjihad,277
taufanalaqsha,276
bbc,275
endisraeliapartheid,275
gazastreifen,274
freeimrankhannow,273
fjbiden,271
kuki,271
stopthewar,270
arynewsurdu,269
israelfightsterror,268
gcash,267
tsc,266
israelcrimes,264
claudiaarrasa,263
fresh,260
longlivetheresistance,260
lsrael,259
ukrainerussiawar,259
manhattan,259
standwithukraine,259
palestin,259
conflicto,258
rockets,257
prayforpalestine,257
nato,256
hamasmassacre,256
israelgenocida,255
ukrainewar,254
ucrania,250
freeisrael,250
neveragain,249
alertaadn,248
ashkelon,248
cwc23,247
klrahul,247
trump2024,244
zionism,244
auspol,243
massacres,243
bharatiswithisrael,241
asiangames23,241
nagorno_karabakh,240
swordsofiron,240
guncontrol,240
live,239
christian,239
iranrevolution,238
uribecriminal,234
shutelbitdown,234
prayforpeace,233
iostoconisraele,233
stopwar,229
gazaunderattak,226
qatargp,225
gazaconflict,222
israelgazaattack,221
cdnpoli,221
leofilm,220
amisraeljai,219
hindumustunite,219
expressnews,218
palestinesi,218
cooperativacontigo,217
jadipaham,217
crimesagainsthumanity,216
taiwan,216
reignofterror,216
netanjahu,215
ucraina,214
taurus,214
festivalpaz,214
derechosoberano,213
russiaisateroriststate,212
rusia,211
whitemoney,211
loveisblind5,211
mescidiaksa,210
ww3,209
deutschland,209
connscg,207
trudeau,206
idlip,206
kyiv,206
erdogan,205
islamists,205
ironswords,204
german,204
theshah,204
toleranciacero,203
archanagautam,201
oerrblog,201
reformoerr,201
amisraelchai,200
krieg,198
europeanunion,198
europe,198
israelguerra,198
terrorattack,197
juifs,197
slvssa,196
jinnahrejectedisrael,196
indian,196
destroyhamas,195
cnn,194
sospalestina,194
world,194
malaysiagazette,193
freepalestina,193
endofisrael,193
iaf,193
guerre,193
endisraelicrimes,192
videoslajornada,192
facealinfo,190
impeachbidennow,190
imrankhan,189
meitei,189
arabiasaudita,188
iranian,188
worldnews,188
jennie,188
israelhamas,188
svpol,188
diaadiaisrael,188
aboutaleb,188
crimendeguerra,188
izrael,188
afd,187
israeliens,185
taalthokke,185
nafofellas,185
unicef,185
yoapoyoaisrael,184
savsl,183
nowar,183
team_saffron,182
proudblue,182
latest,180
zemmour,180
happeningnow,179
zelensky,179
atvideo,178
thegreatamericashow,178
iraniens,178
zionists,177
lfilahonte,176
muslims,176
vantageisraeledition,176
isarael,176
peaceforisrael,175
nepal,175
insiders,175
children,175
gazaterror,175
spd,174
trocadero,173
americafirst,172
auschwitz,172
freepalestine_now,172
f1sprint,171
tommyrobinson,171
jordan,171
elvishyadav,171
tehran,171
cyrusaccords,171
muygrave,171
antisemitismus,170
bbuk,170
issbaar100paar,170
iranianstandswithisrael,169
christians,168
hizbullah,168
paz,168
christianity,167
australia,167
liban,166
justin,166
israelwillwin,164
irgc,164
viral,163
jesuisisrael,163
catar,162
palistine,162
palaestinenser,162
atencion,160
terrorisme,160
modigovernment,159
neverlabour,159
warzone,158
hatespeech,158
peaceforpalestine,158
sheikhjarrah,158
t13envivo,157
ethniccleansing,157
alertat13,156
palentinianterrorists,156
israeliairforce,156
hindus,155
standwithus,154
yahudi,154
saudi,154
ataque,153
noticias,152
arabs,152
chelsea,152
apartheid_israel,150
oriele,150
terroristas,149
israelwarcrimes,149
varta24live,149
shabat_family,149
zramilitants,149
icccricketworldcup2023,148
merdekapalestina,146
ccp,146
noticia,145
dismantle_israel_now,145
chile,145
barbero,144
akshaykumar,144
palestinelivesmatter,144
kabaddi,144
newprofilepic,143
brandeis,143
yemen,143
oan,143
terroristes,143
awaninews,142
democrats,142
pakistanis,141
kkk13witharchana,141
plastine,140
genocide,140
noenminombre,139
argentina,138
abhisha,138
davido,138
trump2024tosaveamerica,138
freegaza,138
boric,137
msnbc,137
mtn8,136
fastnewsjp,136
palestinalivre,136
teroristisrael,135
nigeriawithpalestine,135
trending,134
boycottisrael,133
justiceforpalestine,133
love,133
hezbolla,133
women,133
istandwithpalestinians,133
manipurcrisis,132
uscrimes,132
ukcrimes,132
oil,132
peacetower,132
modiji,132
hostages,132
free_palestine,132
fjb,131
prayforgaza,131
allahuakbar,131
iranianssupportisrael,130
alertacooperativa,130
lebanese,130
mahsa_amini,130
palestinewillbefree,130
allah,130
opisrael,130
mediooriente,130
abouchaker,129
turkeyfact,129
thalapathy,129
envivo,129
mexico,127
russian,127
saveisrael,127
southernisrael,126
godblessisrael,126
justice4cameronherrin,126
esnoticia,125
yoconisrael,125
alexandria,124
venezuelaconisrael,122
noticiasexpresscnn,122
sixbilliondollars,122
palestinas,121
alquds,121
indiavsaus,121
freenbeckyfmjapan,120
israelstrong,120
ausvsind,120
bjp,119
fplp,119
gilaspilipinas,119
staystrongisrael,118
6newsau,118
fuckpalestine,118
videoblu,118
american,117
colombianos,117
todossomosisrael,117
bharatwithisrael,115
baatpateki,115
crypto,115
donnalisi,114
mahsaact,114
ansa,114
terkinigaza,114
russland,114
citrobbery,114
nuclear,114
telavivnetanyahu,113
nahost,113
asaduddinowaisi,113
pakvned,113
hamasterroristen,113
nakba,112
godimedia,112
israelien,112
gazafightsforfreedom,112
kukiatrocities,111
vahset,111
occupation,111
envideo,110
israelcriminal,110
chebli,110
scholz,110
indvafg,110
tomorrowspaperstoday,109
unitednations,109
rothschild,109
guerrapalestinaisrael,109
redalert,109
rawalpindi,109
cumartesi,109
unitedstates,108
flattengaza,108
btc,108
cameronherrin,108
whoiscameron,108
youandmedday,108
manipuragainstnarcoterrorismindia,107
toronto,107
bharatstandwithisrael,107
isrealpalestinewar,107
ashdod,107
russie,107
biafra,106
exclusive,106
womanlifefreedom,105
palestino,105
stopinvasion,105
jesus,104
hamasattackonisrael,104
zainababbas,104
hyon,103
nazi,103
baerbock,103
diluviodealaqsa,103
kukiwarcrimes,103
bundesregierung,103
bbtvi,103
merkava,103
breakingnow,102
armenia,102
milesguo,102
islamistheproblem,102
world4palestine,102
conferenciapresidente,102
nos,102
adnkronos,101
g1,101
amu,101
israhell,101
c4news,101
